{"cameraMode":{"drawMode":0,"name":"Shaded","section":"Shading Mode"},"sceneLighting":true,"audioPlay":false,"sceneViewState":{"showFog":true,"showMaterialUpdate":false,"showSkybox":true,"showFlares":true,"showImageEffects":true,"showParticleSystems":true},"in2DMode":false,"pivot":{"x":2.490000009536743,"y":19.309255599975587,"z":-14.69912338256836},"rotation":{"x":-0.5450567603111267,"y":-0.0070608798414468769,"z":0.0042791664600372318,"w":-0.8386723399162293},"size":9.891538619995118,"orthographic":true}