{"cameraMode":{"drawMode":0,"name":"Shaded","section":"Shading Mode"},"sceneLighting":true,"audioPlay":false,"sceneViewState":{"showFog":true,"showMaterialUpdate":false,"showSkybox":true,"showFlares":true,"showImageEffects":true,"showParticleSystems":true},"in2DMode":false,"pivot":{"x":2.427581787109375,"y":18.88720703125,"z":-14.877197265625},"rotation":{"x":-0.32883840799331667,"y":-0.25269535183906557,"z":0.09169036895036698,"w":-0.9055687189102173},"size":4.292845726013184,"orthographic":true}