{"cameraMode":{"drawMode":0,"name":"Shaded","section":"Shading Mode"},"sceneLighting":true,"audioPlay":false,"sceneViewState":{"showFog":true,"showMaterialUpdate":false,"showSkybox":true,"showFlares":true,"showImageEffects":true,"showParticleSystems":true},"in2DMode":false,"pivot":{"x":2.490000009536743,"y":19.309255599975587,"z":-14.69912338256836},"rotation":{"x":-0.5209294557571411,"y":-0.008473279885947705,"z":0.004835949745029211,"w":-0.8538510799407959},"size":16.450992584228517,"orthographic":true}