{"cameraMode":{"drawMode":0,"name":"Shaded","section":"Shading Mode"},"sceneLighting":true,"audioPlay":false,"sceneViewState":{"showFog":true,"showMaterialUpdate":false,"showSkybox":true,"showFlares":true,"showImageEffects":true,"showParticleSystems":true},"in2DMode":false,"pivot":{"x":2.490000009536743,"y":19.309255599975587,"z":-14.69912338256836},"rotation":{"x":-0.45412957668304446,"y":-0.012858371250331402,"z":0.006161987781524658,"w":-0.8911215662956238},"size":13.187787055969239,"orthographic":true}