{"cameraMode":{"drawMode":0,"name":"Shaded","section":"Shading Mode"},"sceneLighting":true,"audioPlay":false,"sceneViewState":{"showFog":true,"showMaterialUpdate":false,"showSkybox":true,"showFlares":true,"showImageEffects":true,"showParticleSystems":true},"in2DMode":false,"pivot":{"x":2.490000009536743,"y":19.309255599975587,"z":-14.69912338256836},"rotation":{"x":-0.618053674697876,"y":0.019251259043812753,"z":-0.015564622357487679,"w":-0.7860831022262573},"size":9.891538619995118,"orthographic":true}